{
	"info": {
		"_postman_id": "04ce4684-da8f-4924-aabb-6537782f98f9",
		"name": "Practico1",
		"schema": "https://schema.getpostman.com/json/collection/v2.1.0/collection.json",
		"_exporter_id": "22813973"
	},
	"item": [
		{
			"name": "Get All Users",
			"request": {
				"method": "GET",
				"header": [],
				"url": {
					"raw": "https://{{ip}}:{{port}}/api/users",
					"protocol": "https",
					"host": [
						"{{ip}}"
					],
					"port": "{{port}}",
					"path": [
						"api",
						"users"
					]
				}
			},
			"response": []
		},
		{
			"name": "Post User",
			"request": {
				"method": "POST",
				"header": [],
				"body": {
					"mode": "raw",
					"raw": "{\r\n    \"Name\": \"Daniel\",\r\n    \"Surname\": \"Paggiola\",\r\n    \"Age\": 35,\r\n    \"Address\": \"Av 18 de Julio 1360\"\r\n}",
					"options": {
						"raw": {
							"language": "json"
						}
					}
				},
				"url": {
					"raw": "https://{{ip}}:{{port}}/api/users",
					"protocol": "https",
					"host": [
						"{{ip}}"
					],
					"port": "{{port}}",
					"path": [
						"api",
						"users"
					]
				}
			},
			"response": []
		},
		{
			"name": "Delete User",
			"request": {
				"method": "DELETE",
				"header": [],
				"url": {
					"raw": "https://{{ip}}:{{port}}/api/users/1",
					"protocol": "https",
					"host": [
						"{{ip}}"
					],
					"port": "{{port}}",
					"path": [
						"api",
						"users",
						"1"
					]
				}
			},
			"response": []
		}
	],
	"event": [
		{
			"listen": "prerequest",
			"script": {
				"type": "text/javascript",
				"exec": [
					""
				]
			}
		},
		{
			"listen": "test",
			"script": {
				"type": "text/javascript",
				"exec": [
					""
				]
			}
		}
	],
	"variable": [
		{
			"key": "ip",
			"value": "localhost"
		},
		{
			"key": "port",
			"value": "44366"
		}
	]
}